event_id,user_id,event_type,event_time
1,27,add_to_cart,2025-09-08 11:33:49.823791
2,44,purchase,2025-09-08 11:36:26.671217
3,4,purchase,2025-09-08 11:32:22.115521
4,42,add_to_cart,2025-09-08 11:34:40.982788
5,5,add_to_cart,2025-09-08 11:37:55.443599
6,7,purchase,2025-09-08 11:37:54.594721
7,44,add_to_cart,2025-09-08 11:32:22.373860
8,19,add_to_cart,2025-09-08 11:33:12.735552
9,47,purchase,2025-09-08 11:33:31.472149
10,39,page_view,2025-09-08 11:37:31.973376
11,22,page_view,2025-09-08 11:37:13.111103
12,38,purchase,2025-09-08 11:37:12.537287
13,10,add_to_cart,2025-09-08 11:34:09.029752
14,20,purchase,2025-09-08 11:32:52.788860
15,45,purchase,2025-09-08 11:36:56.148184
16,26,page_view,2025-09-08 11:36:09.274373
17,39,purchase,2025-09-08 11:35:36.203996
18,6,add_to_cart,2025-09-08 11:37:51.403903
19,36,add_to_cart,2025-09-08 11:35:51.431474
20,42,add_to_cart,2025-09-08 11:31:58.816319
21,9,purchase,2025-09-08 11:36:50.157489
22,45,purchase,2025-09-08 11:33:43.776351
23,44,purchase,2025-09-08 11:35:54.819937
24,6,purchase,2025-09-08 11:37:34.014802
25,43,add_to_cart,2025-09-08 11:32:44.344801
26,33,add_to_cart,2025-09-08 11:32:37.554321
27,2,add_to_cart,2025-09-08 11:32:34.532952
28,20,page_view,2025-09-08 11:35:15.160511
29,14,add_to_cart,2025-09-08 11:33:34.045357
30,50,add_to_cart,2025-09-08 11:35:33.738738
31,13,page_view,2025-09-08 11:36:14.340387
32,9,page_view,2025-09-08 11:33:09.295033
33,5,add_to_cart,2025-09-08 11:35:44.325665
34,7,purchase,2025-09-08 11:33:31.034204
35,50,purchase,2025-09-08 11:34:51.871467
36,48,purchase,2025-09-08 11:37:21.921137
37,3,purchase,2025-09-08 11:37:00.597337
38,22,purchase,2025-09-08 11:32:29.227448
39,9,purchase,2025-09-08 11:34:28.487278
40,25,page_view,2025-09-08 11:33:35.604881
41,11,page_view,2025-09-08 11:31:57.276448
42,45,purchase,2025-09-08 11:36:33.602920
43,11,purchase,2025-09-08 11:35:45.360816
44,29,page_view,2025-09-08 11:33:30.303895
45,27,add_to_cart,2025-09-08 11:36:22.843127
46,44,purchase,2025-09-08 11:35:14.604952
47,16,add_to_cart,2025-09-08 11:34:29.967291
48,40,add_to_cart,2025-09-08 11:31:59.481092
49,49,purchase,2025-09-08 11:32:23.087790
50,29,page_view,2025-09-08 11:37:13.918302
51,35,page_view,2025-09-08 11:37:21.414286
52,20,add_to_cart,2025-09-08 11:35:12.412504
53,13,add_to_cart,2025-09-08 11:36:56.454207
54,44,purchase,2025-09-08 11:35:25.703444
55,29,add_to_cart,2025-09-08 11:32:49.313763
56,50,add_to_cart,2025-09-08 11:32:41.880387
57,50,add_to_cart,2025-09-08 11:33:46.973006
58,33,purchase,2025-09-08 11:37:19.633336
59,27,page_view,2025-09-08 11:36:42.604030
60,13,purchase,2025-09-08 11:37:05.852930
61,9,add_to_cart,2025-09-08 11:37:19.612869
62,4,purchase,2025-09-08 11:33:11.627554
63,31,add_to_cart,2025-09-08 11:33:25.830706
64,36,page_view,2025-09-08 11:32:33.005704
65,46,purchase,2025-09-08 11:36:36.841847
66,8,add_to_cart,2025-09-08 11:37:14.288492
67,6,page_view,2025-09-08 11:34:22.295860
68,18,add_to_cart,2025-09-08 11:35:39.438144
69,33,page_view,2025-09-08 11:32:51.639202
70,28,page_view,2025-09-08 11:37:30.757166
71,15,add_to_cart,2025-09-08 11:37:07.258051
72,23,page_view,2025-09-08 11:37:47.434172
73,27,page_view,2025-09-08 11:36:47.877819
74,26,purchase,2025-09-08 11:37:13.309834
75,24,page_view,2025-09-08 11:32:04.923090
76,25,page_view,2025-09-08 11:36:21.163210
77,24,page_view,2025-09-08 11:33:55.586768
78,2,add_to_cart,2025-09-08 11:37:31.093719
79,7,purchase,2025-09-08 11:36:44.804650
80,42,add_to_cart,2025-09-08 11:37:07.063050
81,10,page_view,2025-09-08 11:36:47.869754
82,3,add_to_cart,2025-09-08 11:33:32.050056
83,31,purchase,2025-09-08 11:36:39.454823
84,9,purchase,2025-09-08 11:32:34.914426
85,31,add_to_cart,2025-09-08 11:37:09.980042
86,40,page_view,2025-09-08 11:37:05.093570
87,6,page_view,2025-09-08 11:33:16.076138
88,17,page_view,2025-09-08 11:36:49.971178
89,10,purchase,2025-09-08 11:34:41.709164
90,47,purchase,2025-09-08 11:33:45.868712
91,34,add_to_cart,2025-09-08 11:36:42.324380
92,8,add_to_cart,2025-09-08 11:33:17.934376
93,16,add_to_cart,2025-09-08 11:32:04.519197
94,8,page_view,2025-09-08 11:33:05.526724
95,16,add_to_cart,2025-09-08 11:33:54.174302
96,41,purchase,2025-09-08 11:37:07.167059
97,30,page_view,2025-09-08 11:37:44.080077
98,8,add_to_cart,2025-09-08 11:33:36.484997
99,39,purchase,2025-09-08 11:35:46.933426
100,2,purchase,2025-09-08 11:34:19.884218
101,33,purchase,2025-09-08 11:37:49.213887
102,16,purchase,2025-09-08 11:35:09.037664
103,10,add_to_cart,2025-09-08 11:37:34.125371
104,28,page_view,2025-09-08 11:32:37.523031
105,40,add_to_cart,2025-09-08 11:37:45.344220
106,16,purchase,2025-09-08 11:33:00.284414
107,27,page_view,2025-09-08 11:37:42.512354
108,43,purchase,2025-09-08 11:33:31.567890
109,6,purchase,2025-09-08 11:32:35.024917
110,24,page_view,2025-09-08 11:34:32.442953
111,34,purchase,2025-09-08 11:36:18.276222
112,33,purchase,2025-09-08 11:33:48.923833
113,36,page_view,2025-09-08 11:35:34.235187
114,25,add_to_cart,2025-09-08 11:35:00.112302
115,3,purchase,2025-09-08 11:34:14.670356
116,25,add_to_cart,2025-09-08 11:35:23.571696
117,17,purchase,2025-09-08 11:33:27.700102
118,2,add_to_cart,2025-09-08 11:36:11.162702
119,5,add_to_cart,2025-09-08 11:31:56.608860
120,16,purchase,2025-09-08 11:37:29.207060
121,43,purchase,2025-09-08 11:35:09.842719
122,7,purchase,2025-09-08 11:36:14.994800
123,48,add_to_cart,2025-09-08 11:36:23.102028
124,9,page_view,2025-09-08 11:35:57.426262
125,23,purchase,2025-09-08 11:34:07.119730
126,22,purchase,2025-09-08 11:32:21.190572
127,12,purchase,2025-09-08 11:35:55.125566
128,30,purchase,2025-09-08 11:33:54.872013
129,31,purchase,2025-09-08 11:33:49.009632
130,12,page_view,2025-09-08 11:37:01.285501
131,5,purchase,2025-09-08 11:36:15.111535
132,50,add_to_cart,2025-09-08 11:33:44.116017
133,3,add_to_cart,2025-09-08 11:33:47.342479
134,13,page_view,2025-09-08 11:34:23.021447
135,13,page_view,2025-09-08 11:34:20.864139
136,21,add_to_cart,2025-09-08 11:33:42.435873
137,33,add_to_cart,2025-09-08 11:32:41.823608
138,35,add_to_cart,2025-09-08 11:34:27.360680
139,17,page_view,2025-09-08 11:37:34.530921
140,49,purchase,2025-09-08 11:35:59.834460
141,13,add_to_cart,2025-09-08 11:37:21.009996
142,23,page_view,2025-09-08 11:35:37.585370
143,42,add_to_cart,2025-09-08 11:33:44.341955
144,18,page_view,2025-09-08 11:35:13.257397
145,24,add_to_cart,2025-09-08 11:31:56.146138
146,26,purchase,2025-09-08 11:33:39.288938
147,29,add_to_cart,2025-09-08 11:34:30.759734
148,22,page_view,2025-09-08 11:35:24.794521
149,32,purchase,2025-09-08 11:35:51.694025
150,32,add_to_cart,2025-09-08 11:34:43.395748
151,34,add_to_cart,2025-09-08 11:34:35.177528
152,6,purchase,2025-09-08 11:33:12.932504
153,28,page_view,2025-09-08 11:34:46.347027
154,28,purchase,2025-09-08 11:37:20.425097
155,12,purchase,2025-09-08 11:36:42.568914
156,19,add_to_cart,2025-09-08 11:32:57.088903
157,7,page_view,2025-09-08 11:32:26.526393
158,21,purchase,2025-09-08 11:35:01.562724
159,19,add_to_cart,2025-09-08 11:35:43.858708
160,29,purchase,2025-09-08 11:33:56.667772
161,46,add_to_cart,2025-09-08 11:36:50.632447
162,11,purchase,2025-09-08 11:36:26.409729
163,29,add_to_cart,2025-09-08 11:35:58.206441
164,29,page_view,2025-09-08 11:33:16.870640
165,47,add_to_cart,2025-09-08 11:33:07.686776
166,40,add_to_cart,2025-09-08 11:32:04.793140
167,18,purchase,2025-09-08 11:33:24.143316
168,4,page_view,2025-09-08 11:34:47.049084
169,43,purchase,2025-09-08 11:37:01.905570
170,26,add_to_cart,2025-09-08 11:32:22.218163
171,33,purchase,2025-09-08 11:34:25.198764
172,44,page_view,2025-09-08 11:35:42.715537
173,2,page_view,2025-09-08 11:33:05.996685
174,39,purchase,2025-09-08 11:36:06.687530
175,29,page_view,2025-09-08 11:34:53.975781
176,9,page_view,2025-09-08 11:33:23.834398
177,16,purchase,2025-09-08 11:35:52.180884
178,24,add_to_cart,2025-09-08 11:31:57.996135
179,25,purchase,2025-09-08 11:36:26.347212
180,3,purchase,2025-09-08 11:36:33.216628
181,10,purchase,2025-09-08 11:32:34.371427
182,29,add_to_cart,2025-09-08 11:34:29.052630
183,24,add_to_cart,2025-09-08 11:32:59.319206
184,49,page_view,2025-09-08 11:37:40.867775
185,37,page_view,2025-09-08 11:35:02.464790
186,34,add_to_cart,2025-09-08 11:32:14.078619
187,26,add_to_cart,2025-09-08 11:33:25.711381
188,42,add_to_cart,2025-09-08 11:37:01.401085
189,16,page_view,2025-09-08 11:34:40.326257
190,2,purchase,2025-09-08 11:36:44.509977
191,12,add_to_cart,2025-09-08 11:35:56.327984
192,34,add_to_cart,2025-09-08 11:37:51.641283
193,36,page_view,2025-09-08 11:35:30.362835
194,17,add_to_cart,2025-09-08 11:37:38.014259
195,46,add_to_cart,2025-09-08 11:37:16.913333
196,14,purchase,2025-09-08 11:35:36.554836
197,19,purchase,2025-09-08 11:36:14.938626
198,32,page_view,2025-09-08 11:34:57.720139
199,8,page_view,2025-09-08 11:36:55.004901
200,5,add_to_cart,2025-09-08 11:35:13.233902
201,12,purchase,2025-09-08 11:37:18.994917
202,29,page_view,2025-09-08 11:36:23.715959
203,44,add_to_cart,2025-09-08 11:34:46.882797
204,43,add_to_cart,2025-09-08 11:33:29.308957
205,46,page_view,2025-09-08 11:33:25.006305
206,36,purchase,2025-09-08 11:35:45.558117
207,19,add_to_cart,2025-09-08 11:36:31.692926
208,11,purchase,2025-09-08 11:35:03.667933
209,46,purchase,2025-09-08 11:35:41.629437
210,41,page_view,2025-09-08 11:33:34.855081
211,24,purchase,2025-09-08 11:32:23.894007
212,15,page_view,2025-09-08 11:33:38.862134
213,13,page_view,2025-09-08 11:33:33.817439
214,16,add_to_cart,2025-09-08 11:33:51.095445
215,2,add_to_cart,2025-09-08 11:35:10.454800
216,36,purchase,2025-09-08 11:32:45.814662
217,24,add_to_cart,2025-09-08 11:33:19.254133
218,36,page_view,2025-09-08 11:36:05.821932
219,40,page_view,2025-09-08 11:36:10.310891
220,5,add_to_cart,2025-09-08 11:32:19.122386
221,26,purchase,2025-09-08 11:34:22.735773
222,47,add_to_cart,2025-09-08 11:35:11.340011
223,34,add_to_cart,2025-09-08 11:34:25.678724
224,50,add_to_cart,2025-09-08 11:33:10.460380
225,37,page_view,2025-09-08 11:34:27.251666
226,9,add_to_cart,2025-09-08 11:37:21.741852
227,42,page_view,2025-09-08 11:35:26.268589
228,29,add_to_cart,2025-09-08 11:36:06.388275
229,44,purchase,2025-09-08 11:37:04.423532
230,23,page_view,2025-09-08 11:36:31.614047
231,50,purchase,2025-09-08 11:34:12.937171
232,41,purchase,2025-09-08 11:31:58.122590
233,12,page_view,2025-09-08 11:34:02.633169
234,28,purchase,2025-09-08 11:36:27.251045
235,4,page_view,2025-09-08 11:37:03.241262
236,34,page_view,2025-09-08 11:37:39.234922
237,20,page_view,2025-09-08 11:34:26.847662
238,11,add_to_cart,2025-09-08 11:36:25.105641
239,46,page_view,2025-09-08 11:35:12.607631
240,23,purchase,2025-09-08 11:35:33.170932
241,19,page_view,2025-09-08 11:33:15.393930
242,17,page_view,2025-09-08 11:33:14.991788
243,41,purchase,2025-09-08 11:34:32.900951
244,18,page_view,2025-09-08 11:32:06.448935
245,41,add_to_cart,2025-09-08 11:33:57.006636
246,40,purchase,2025-09-08 11:36:00.491079
247,6,purchase,2025-09-08 11:34:21.554001
248,42,page_view,2025-09-08 11:32:55.416103
249,38,purchase,2025-09-08 11:34:44.260454
250,10,page_view,2025-09-08 11:32:41.946007
251,43,purchase,2025-09-08 11:35:40.012506
252,47,purchase,2025-09-08 11:32:05.707923
253,22,purchase,2025-09-08 11:34:17.847292
254,3,page_view,2025-09-08 11:35:19.181114
255,6,page_view,2025-09-08 11:32:05.756737
256,42,purchase,2025-09-08 11:35:47.389873
257,17,purchase,2025-09-08 11:32:44.851815
258,14,purchase,2025-09-08 11:34:42.211440
259,27,purchase,2025-09-08 11:32:14.102468
260,41,page_view,2025-09-08 11:34:12.477391
261,32,purchase,2025-09-08 11:33:12.197702
262,35,add_to_cart,2025-09-08 11:33:53.664490
263,42,add_to_cart,2025-09-08 11:36:30.042695
264,31,page_view,2025-09-08 11:34:12.485438
265,44,add_to_cart,2025-09-08 11:36:26.723536
266,20,add_to_cart,2025-09-08 11:36:55.492743
267,5,purchase,2025-09-08 11:33:26.817751
268,4,page_view,2025-09-08 11:32:25.486244
269,29,add_to_cart,2025-09-08 11:32:02.977983
270,31,add_to_cart,2025-09-08 11:35:10.190857
271,14,add_to_cart,2025-09-08 11:37:55.966818
272,39,page_view,2025-09-08 11:34:01.985724
273,21,purchase,2025-09-08 11:35:50.051874
274,21,purchase,2025-09-08 11:36:37.243898
275,23,add_to_cart,2025-09-08 11:35:50.631676
276,9,add_to_cart,2025-09-08 11:36:27.523953
277,33,purchase,2025-09-08 11:37:37.860224
278,7,add_to_cart,2025-09-08 11:33:07.769846
279,16,add_to_cart,2025-09-08 11:32:03.336806
280,8,add_to_cart,2025-09-08 11:32:50.857645
281,29,page_view,2025-09-08 11:32:41.439551
282,10,page_view,2025-09-08 11:35:57.005184
283,4,add_to_cart,2025-09-08 11:35:19.029049
284,25,purchase,2025-09-08 11:33:14.467235
285,27,page_view,2025-09-08 11:36:07.807390
286,11,add_to_cart,2025-09-08 11:36:32.083315
287,37,purchase,2025-09-08 11:32:56.404092
288,21,page_view,2025-09-08 11:35:34.609098
289,49,page_view,2025-09-08 11:36:25.253235
290,32,purchase,2025-09-08 11:32:37.231834
291,30,add_to_cart,2025-09-08 11:36:50.948423
292,20,add_to_cart,2025-09-08 11:37:43.299478
293,2,page_view,2025-09-08 11:32:34.915550
294,26,purchase,2025-09-08 11:32:05.244233
295,30,page_view,2025-09-08 11:33:48.304608
296,14,purchase,2025-09-08 11:35:59.845023
297,23,page_view,2025-09-08 11:37:40.942222
298,4,add_to_cart,2025-09-08 11:34:18.795599
299,32,purchase,2025-09-08 11:36:13.405294
300,42,purchase,2025-09-08 11:32:23.358732
301,31,add_to_cart,2025-09-08 11:36:04.621190
302,35,page_view,2025-09-08 11:35:41.807262
303,7,add_to_cart,2025-09-08 11:32:32.684470
304,9,add_to_cart,2025-09-08 11:36:34.093119
305,47,add_to_cart,2025-09-08 11:37:02.105566
306,49,add_to_cart,2025-09-08 11:35:32.148181
307,24,page_view,2025-09-08 11:32:39.579823
308,26,page_view,2025-09-08 11:37:50.183967
309,37,purchase,2025-09-08 11:36:37.748725
310,13,add_to_cart,2025-09-08 11:34:00.993356
311,36,add_to_cart,2025-09-08 11:34:30.216085
312,5,add_to_cart,2025-09-08 11:34:09.405515
313,33,add_to_cart,2025-09-08 11:34:58.145884
314,49,purchase,2025-09-08 11:33:58.843223
315,18,purchase,2025-09-08 11:37:01.847226
316,44,purchase,2025-09-08 11:36:52.039130
317,8,page_view,2025-09-08 11:32:33.993994
318,7,add_to_cart,2025-09-08 11:37:41.883524
319,24,add_to_cart,2025-09-08 11:35:44.810638
320,36,add_to_cart,2025-09-08 11:36:54.334632
321,49,page_view,2025-09-08 11:36:10.631112
322,13,purchase,2025-09-08 11:34:32.775372
323,33,add_to_cart,2025-09-08 11:36:20.166309
324,33,page_view,2025-09-08 11:37:43.570543
325,3,page_view,2025-09-08 11:33:33.229663
326,9,purchase,2025-09-08 11:36:46.951719
327,22,add_to_cart,2025-09-08 11:35:09.742246
328,34,add_to_cart,2025-09-08 11:34:50.059101
329,10,purchase,2025-09-08 11:34:32.806818
330,33,page_view,2025-09-08 11:36:19.169437
331,21,purchase,2025-09-08 11:33:32.622394
332,21,page_view,2025-09-08 11:37:02.616738
333,26,purchase,2025-09-08 11:36:55.063167
334,48,add_to_cart,2025-09-08 11:32:27.198643
335,38,add_to_cart,2025-09-08 11:37:13.387226
336,33,purchase,2025-09-08 11:33:23.790838
337,35,add_to_cart,2025-09-08 11:34:43.295048
338,46,purchase,2025-09-08 11:35:35.719414
339,20,add_to_cart,2025-09-08 11:34:12.436150
340,2,add_to_cart,2025-09-08 11:32:06.331999
341,22,purchase,2025-09-08 11:37:02.343021
342,8,add_to_cart,2025-09-08 11:33:01.462348
343,38,add_to_cart,2025-09-08 11:33:12.363146
344,47,purchase,2025-09-08 11:36:43.219648
345,41,page_view,2025-09-08 11:33:58.521984
346,39,add_to_cart,2025-09-08 11:37:12.915193
347,17,purchase,2025-09-08 11:36:08.426150
348,50,purchase,2025-09-08 11:33:35.456687
349,37,page_view,2025-09-08 11:31:59.654401
350,47,page_view,2025-09-08 11:37:37.302528
351,38,add_to_cart,2025-09-08 11:32:26.820666
352,11,purchase,2025-09-08 11:36:15.226879
353,41,purchase,2025-09-08 11:34:51.888025
354,40,add_to_cart,2025-09-08 11:36:28.939275
355,10,purchase,2025-09-08 11:36:04.619362
356,16,page_view,2025-09-08 11:35:48.525044
357,37,purchase,2025-09-08 11:34:52.695681
358,8,page_view,2025-09-08 11:36:41.455832
359,2,add_to_cart,2025-09-08 11:32:29.499206
360,21,add_to_cart,2025-09-08 11:33:15.774704
361,10,add_to_cart,2025-09-08 11:36:05.043376
362,45,page_view,2025-09-08 11:33:46.234171
363,27,purchase,2025-09-08 11:35:25.360011
364,50,purchase,2025-09-08 11:34:46.373776
365,31,purchase,2025-09-08 11:35:07.131895
366,47,page_view,2025-09-08 11:34:29.181373
367,46,page_view,2025-09-08 11:36:24.536757
368,34,page_view,2025-09-08 11:33:55.084867
369,36,add_to_cart,2025-09-08 11:36:09.027779
370,43,add_to_cart,2025-09-08 11:33:33.529914
371,34,add_to_cart,2025-09-08 11:33:26.505323
372,21,page_view,2025-09-08 11:32:39.436119
373,30,purchase,2025-09-08 11:33:05.330346
374,22,purchase,2025-09-08 11:32:39.039707
375,23,purchase,2025-09-08 11:35:08.911027
376,50,purchase,2025-09-08 11:36:30.388259
377,44,purchase,2025-09-08 11:33:02.653943
378,45,add_to_cart,2025-09-08 11:33:13.898470
379,40,add_to_cart,2025-09-08 11:34:50.311491
380,13,page_view,2025-09-08 11:36:16.850600
381,18,purchase,2025-09-08 11:37:47.578528
382,20,page_view,2025-09-08 11:35:04.869273
383,20,add_to_cart,2025-09-08 11:33:37.879533
384,46,page_view,2025-09-08 11:32:32.189399
385,45,purchase,2025-09-08 11:33:05.882328
386,32,add_to_cart,2025-09-08 11:33:17.893939
387,31,add_to_cart,2025-09-08 11:33:00.598956
388,36,purchase,2025-09-08 11:32:01.093412
389,18,add_to_cart,2025-09-08 11:35:08.288632
390,8,purchase,2025-09-08 11:33:34.752078
391,44,purchase,2025-09-08 11:37:46.746175
392,25,add_to_cart,2025-09-08 11:35:15.209228
393,23,page_view,2025-09-08 11:36:07.070261
394,19,page_view,2025-09-08 11:32:41.460618
395,19,purchase,2025-09-08 11:37:08.646031
396,6,add_to_cart,2025-09-08 11:34:52.716330
397,29,purchase,2025-09-08 11:37:10.179105
398,17,purchase,2025-09-08 11:35:22.663119
399,31,page_view,2025-09-08 11:34:44.982900
400,13,purchase,2025-09-08 11:34:34.568767
401,18,purchase,2025-09-08 11:33:02.370921
402,45,add_to_cart,2025-09-08 11:32:14.495618
403,9,page_view,2025-09-08 11:37:34.782895
404,40,purchase,2025-09-08 11:34:47.982507
405,38,page_view,2025-09-08 11:36:51.961632
406,16,page_view,2025-09-08 11:34:20.254679
407,43,purchase,2025-09-08 11:32:22.669581
408,15,purchase,2025-09-08 11:35:42.600455
409,15,page_view,2025-09-08 11:32:15.299267
410,7,add_to_cart,2025-09-08 11:32:49.711130
411,22,purchase,2025-09-08 11:35:18.622255
412,31,page_view,2025-09-08 11:33:45.380784
413,44,page_view,2025-09-08 11:37:53.810524
414,1,purchase,2025-09-08 11:32:38.642562
415,11,add_to_cart,2025-09-08 11:36:31.199640
416,42,add_to_cart,2025-09-08 11:35:34.274354
417,31,purchase,2025-09-08 11:36:40.666699
418,13,add_to_cart,2025-09-08 11:33:17.247369
419,21,add_to_cart,2025-09-08 11:35:04.126113
420,42,page_view,2025-09-08 11:34:38.185207
421,50,page_view,2025-09-08 11:34:35.379561
422,42,purchase,2025-09-08 11:37:05.660000
423,15,purchase,2025-09-08 11:37:52.411254
424,48,purchase,2025-09-08 11:33:45.936888
425,3,page_view,2025-09-08 11:35:39.569836
426,27,page_view,2025-09-08 11:35:35.467129
427,3,add_to_cart,2025-09-08 11:36:22.432150
428,32,page_view,2025-09-08 11:37:37.132472
429,48,add_to_cart,2025-09-08 11:33:10.803646
430,3,page_view,2025-09-08 11:33:11.969070
431,20,purchase,2025-09-08 11:35:53.754129
432,39,page_view,2025-09-08 11:32:52.540554
433,22,add_to_cart,2025-09-08 11:32:58.572877
434,30,purchase,2025-09-08 11:32:23.023353
435,35,purchase,2025-09-08 11:31:56.963260
436,32,page_view,2025-09-08 11:34:38.181334
437,33,add_to_cart,2025-09-08 11:35:29.772030
438,18,page_view,2025-09-08 11:33:40.853344
439,8,add_to_cart,2025-09-08 11:33:19.331445
440,11,purchase,2025-09-08 11:36:10.504099
441,30,purchase,2025-09-08 11:36:09.075521
442,17,purchase,2025-09-08 11:34:39.451277
443,12,page_view,2025-09-08 11:36:03.458571
444,48,add_to_cart,2025-09-08 11:37:28.607976
445,19,purchase,2025-09-08 11:36:39.618090
446,44,page_view,2025-09-08 11:35:41.020883
447,12,purchase,2025-09-08 11:35:54.025895
448,41,add_to_cart,2025-09-08 11:37:32.120645
449,28,purchase,2025-09-08 11:34:29.050028
450,21,page_view,2025-09-08 11:35:12.042456
451,26,purchase,2025-09-08 11:35:49.148500
452,7,page_view,2025-09-08 11:37:23.028120
453,9,add_to_cart,2025-09-08 11:36:53.587218
454,21,page_view,2025-09-08 11:32:21.707541
455,1,add_to_cart,2025-09-08 11:32:55.732204
456,25,page_view,2025-09-08 11:33:46.740252
457,29,add_to_cart,2025-09-08 11:36:25.624780
458,22,add_to_cart,2025-09-08 11:35:20.914538
459,38,purchase,2025-09-08 11:33:39.899812
460,37,page_view,2025-09-08 11:32:40.767317
461,17,purchase,2025-09-08 11:36:03.924077
462,24,purchase,2025-09-08 11:36:07.904127
463,16,page_view,2025-09-08 11:37:35.363447
464,43,page_view,2025-09-08 11:34:56.169984
465,30,add_to_cart,2025-09-08 11:34:53.766279
466,11,add_to_cart,2025-09-08 11:32:24.959067
467,44,purchase,2025-09-08 11:32:10.349882
468,46,add_to_cart,2025-09-08 11:34:31.530319
469,45,page_view,2025-09-08 11:33:52.035770
470,41,add_to_cart,2025-09-08 11:33:26.132445
471,24,purchase,2025-09-08 11:32:28.877679
472,15,page_view,2025-09-08 11:37:42.287997
473,9,add_to_cart,2025-09-08 11:36:56.945101
474,10,add_to_cart,2025-09-08 11:35:23.071679
475,48,purchase,2025-09-08 11:37:38.283060
476,24,add_to_cart,2025-09-08 11:37:55.846070
477,45,purchase,2025-09-08 11:35:58.021370
478,31,purchase,2025-09-08 11:33:33.023969
479,43,page_view,2025-09-08 11:32:10.483402
480,49,page_view,2025-09-08 11:36:28.256779
481,44,purchase,2025-09-08 11:34:45.380296
482,6,purchase,2025-09-08 11:35:50.543416
483,29,purchase,2025-09-08 11:37:25.786204
484,46,add_to_cart,2025-09-08 11:33:01.336093
485,5,purchase,2025-09-08 11:35:26.718665
486,8,page_view,2025-09-08 11:35:44.522499
487,36,purchase,2025-09-08 11:34:53.021289
488,13,purchase,2025-09-08 11:32:28.847266
489,35,page_view,2025-09-08 11:34:01.265980
490,11,add_to_cart,2025-09-08 11:33:55.991022
491,34,add_to_cart,2025-09-08 11:35:57.248063
492,8,purchase,2025-09-08 11:37:04.783914
493,14,purchase,2025-09-08 11:33:54.729319
494,38,add_to_cart,2025-09-08 11:36:05.722523
495,6,purchase,2025-09-08 11:33:39.758406
496,29,page_view,2025-09-08 11:37:36.269674
497,30,page_view,2025-09-08 11:36:48.883773
498,33,add_to_cart,2025-09-08 11:35:14.034779
499,30,purchase,2025-09-08 11:34:39.737327
500,4,purchase,2025-09-08 11:33:49.226177
501,30,purchase,2025-09-08 11:33:52.378563
502,20,purchase,2025-09-08 11:37:45.266502
503,2,add_to_cart,2025-09-08 11:34:21.503021
504,17,page_view,2025-09-08 11:35:01.254651
505,48,page_view,2025-09-08 11:37:51.722917
506,38,page_view,2025-09-08 11:35:52.757739
507,3,add_to_cart,2025-09-08 11:35:11.333694
508,23,purchase,2025-09-08 11:34:24.769125
509,5,purchase,2025-09-08 11:33:03.529715
510,4,page_view,2025-09-08 11:34:06.240569
511,31,page_view,2025-09-08 11:36:28.319535
512,19,add_to_cart,2025-09-08 11:35:41.147147
513,12,page_view,2025-09-08 11:36:29.596593
514,50,purchase,2025-09-08 11:33:09.280966
515,47,purchase,2025-09-08 11:35:13.719070
516,27,add_to_cart,2025-09-08 11:37:29.962194
517,25,add_to_cart,2025-09-08 11:34:33.721794
518,25,add_to_cart,2025-09-08 11:36:07.370010
519,6,purchase,2025-09-08 11:32:39.713390
520,43,purchase,2025-09-08 11:37:46.332854
521,9,purchase,2025-09-08 11:35:35.193800
522,23,page_view,2025-09-08 11:33:22.147086
523,12,purchase,2025-09-08 11:32:53.016139
524,26,purchase,2025-09-08 11:35:14.302042
525,9,purchase,2025-09-08 11:35:14.810507
526,15,page_view,2025-09-08 11:32:29.555312
527,49,page_view,2025-09-08 11:37:53.212570
528,20,add_to_cart,2025-09-08 11:37:24.654756
529,44,purchase,2025-09-08 11:34:42.121242
530,35,add_to_cart,2025-09-08 11:32:38.287814
531,35,add_to_cart,2025-09-08 11:36:55.571543
532,15,page_view,2025-09-08 11:34:55.415182
533,30,add_to_cart,2025-09-08 11:36:13.977197
534,10,add_to_cart,2025-09-08 11:34:59.193925
535,13,purchase,2025-09-08 11:33:34.432963
536,49,page_view,2025-09-08 11:36:56.500620
537,3,purchase,2025-09-08 11:37:48.888068
538,27,purchase,2025-09-08 11:33:23.743126
539,50,page_view,2025-09-08 11:35:14.455428
540,16,page_view,2025-09-08 11:34:14.090965
541,5,page_view,2025-09-08 11:37:27.872534
542,39,page_view,2025-09-08 11:34:58.966721
543,29,purchase,2025-09-08 11:37:12.557452
544,44,purchase,2025-09-08 11:37:07.049696
545,4,page_view,2025-09-08 11:33:35.449065
546,48,page_view,2025-09-08 11:36:40.402225
547,26,add_to_cart,2025-09-08 11:34:25.379272
548,15,purchase,2025-09-08 11:37:32.329422
549,14,page_view,2025-09-08 11:34:58.785563
550,9,purchase,2025-09-08 11:36:51.397810
551,19,page_view,2025-09-08 11:33:37.822034
552,47,purchase,2025-09-08 11:33:43.480106
553,21,purchase,2025-09-08 11:35:27.297580
554,39,purchase,2025-09-08 11:37:55.604840
555,21,page_view,2025-09-08 11:34:52.270525
556,20,page_view,2025-09-08 11:32:49.494351
557,43,purchase,2025-09-08 11:35:09.889008
558,15,add_to_cart,2025-09-08 11:34:00.244619
559,20,add_to_cart,2025-09-08 11:35:14.690270
560,4,purchase,2025-09-08 11:35:11.634823
561,38,purchase,2025-09-08 11:34:39.924062
562,12,purchase,2025-09-08 11:33:51.839846
563,44,add_to_cart,2025-09-08 11:33:03.914855
564,36,add_to_cart,2025-09-08 11:36:07.099434
565,4,add_to_cart,2025-09-08 11:35:21.847151
566,42,purchase,2025-09-08 11:33:20.082481
567,25,purchase,2025-09-08 11:36:35.196011
568,21,purchase,2025-09-08 11:32:11.713028
569,27,add_to_cart,2025-09-08 11:36:24.093855
570,10,add_to_cart,2025-09-08 11:36:09.882037
571,25,page_view,2025-09-08 11:36:48.107205
572,49,purchase,2025-09-08 11:34:14.988351
573,31,page_view,2025-09-08 11:35:54.927979
574,15,add_to_cart,2025-09-08 11:36:51.469119
575,46,page_view,2025-09-08 11:37:49.094530
576,30,page_view,2025-09-08 11:34:54.318314
577,36,add_to_cart,2025-09-08 11:32:09.327060
578,27,purchase,2025-09-08 11:34:56.824814
579,34,page_view,2025-09-08 11:35:28.464955
580,25,page_view,2025-09-08 11:37:09.092113
581,17,page_view,2025-09-08 11:37:10.708535
582,22,purchase,2025-09-08 11:34:34.510236
583,6,add_to_cart,2025-09-08 11:35:05.342391
584,24,page_view,2025-09-08 11:34:40.494107
585,35,purchase,2025-09-08 11:36:16.079778
586,13,page_view,2025-09-08 11:34:23.592303
587,18,add_to_cart,2025-09-08 11:35:51.721277
588,44,purchase,2025-09-08 11:32:51.570039
589,39,page_view,2025-09-08 11:34:45.016616
590,5,page_view,2025-09-08 11:37:44.913307
591,49,purchase,2025-09-08 11:33:57.882044
592,47,purchase,2025-09-08 11:36:05.373656
593,36,page_view,2025-09-08 11:35:49.941195
594,31,page_view,2025-09-08 11:37:02.635505
595,22,add_to_cart,2025-09-08 11:37:02.842881
596,1,page_view,2025-09-08 11:37:05.363186
597,13,purchase,2025-09-08 11:34:12.803383
598,8,purchase,2025-09-08 11:33:49.998015
599,49,add_to_cart,2025-09-08 11:36:14.738273
600,16,purchase,2025-09-08 11:36:29.384651
601,39,purchase,2025-09-08 11:37:10.057886
602,14,add_to_cart,2025-09-08 11:32:08.923676
603,16,purchase,2025-09-08 11:32:20.631469
604,21,add_to_cart,2025-09-08 11:35:43.217966
605,25,add_to_cart,2025-09-08 11:37:27.534476
606,35,purchase,2025-09-08 11:37:55.073332
607,23,add_to_cart,2025-09-08 11:36:24.835892
608,17,add_to_cart,2025-09-08 11:34:32.229730
609,33,add_to_cart,2025-09-08 11:32:31.439526
610,30,page_view,2025-09-08 11:35:44.149218
611,47,add_to_cart,2025-09-08 11:37:10.128524
612,49,add_to_cart,2025-09-08 11:34:35.724279
613,14,add_to_cart,2025-09-08 11:36:05.840419
614,21,add_to_cart,2025-09-08 11:37:21.232662
615,3,purchase,2025-09-08 11:32:12.556749
616,15,purchase,2025-09-08 11:36:42.611647
617,10,page_view,2025-09-08 11:33:41.612399
618,17,purchase,2025-09-08 11:34:10.942792
619,38,purchase,2025-09-08 11:32:48.405126
620,47,add_to_cart,2025-09-08 11:35:07.219875
621,19,page_view,2025-09-08 11:35:19.734102
622,13,add_to_cart,2025-09-08 11:36:41.307011
623,15,add_to_cart,2025-09-08 11:32:57.194114
624,37,page_view,2025-09-08 11:32:24.428606
625,32,purchase,2025-09-08 11:37:09.502255
626,42,purchase,2025-09-08 11:35:39.095733
627,22,add_to_cart,2025-09-08 11:33:22.698725
628,49,add_to_cart,2025-09-08 11:37:24.618446
629,47,purchase,2025-09-08 11:32:47.522379
630,48,add_to_cart,2025-09-08 11:34:42.013969
631,30,page_view,2025-09-08 11:33:27.431842
632,47,add_to_cart,2025-09-08 11:33:27.917615
633,11,page_view,2025-09-08 11:31:59.383075
634,47,purchase,2025-09-08 11:36:45.667908
635,32,page_view,2025-09-08 11:37:20.435392
636,35,purchase,2025-09-08 11:35:59.939919
637,4,purchase,2025-09-08 11:32:52.871224
638,3,page_view,2025-09-08 11:34:35.022722
639,43,page_view,2025-09-08 11:34:00.403625
640,49,page_view,2025-09-08 11:35:27.525814
641,27,page_view,2025-09-08 11:35:46.017933
642,41,page_view,2025-09-08 11:34:28.751218
643,5,purchase,2025-09-08 11:33:26.035361
644,10,page_view,2025-09-08 11:37:00.309413
645,14,purchase,2025-09-08 11:33:07.718120
646,30,add_to_cart,2025-09-08 11:34:14.489570
647,4,purchase,2025-09-08 11:34:49.954902
648,41,purchase,2025-09-08 11:33:21.394053
649,40,add_to_cart,2025-09-08 11:35:21.892169
650,43,add_to_cart,2025-09-08 11:35:22.932295
651,2,page_view,2025-09-08 11:37:53.369136
652,35,purchase,2025-09-08 11:33:42.283071
653,27,page_view,2025-09-08 11:37:48.060014
654,2,purchase,2025-09-08 11:35:52.962734
655,47,add_to_cart,2025-09-08 11:33:34.812937
656,35,add_to_cart,2025-09-08 11:35:19.734446
657,2,purchase,2025-09-08 11:36:02.887817
658,45,purchase,2025-09-08 11:36:24.080783
659,28,page_view,2025-09-08 11:32:13.655930
660,7,page_view,2025-09-08 11:35:34.306338
661,34,page_view,2025-09-08 11:34:54.821823
662,16,page_view,2025-09-08 11:37:21.495905
663,40,purchase,2025-09-08 11:33:39.029895
664,17,add_to_cart,2025-09-08 11:36:43.589643
665,18,add_to_cart,2025-09-08 11:35:34.543399
666,6,add_to_cart,2025-09-08 11:34:02.835544
667,26,add_to_cart,2025-09-08 11:35:45.182436
668,37,page_view,2025-09-08 11:35:39.520819
669,45,page_view,2025-09-08 11:35:59.995205
670,20,purchase,2025-09-08 11:36:15.534216
671,6,purchase,2025-09-08 11:35:53.305355
672,42,page_view,2025-09-08 11:36:57.801362
673,6,add_to_cart,2025-09-08 11:35:42.169317
674,25,add_to_cart,2025-09-08 11:37:21.225333
675,36,add_to_cart,2025-09-08 11:35:48.682619
676,4,purchase,2025-09-08 11:33:47.215838
677,1,purchase,2025-09-08 11:34:34.696348
678,11,page_view,2025-09-08 11:35:24.646570
679,32,add_to_cart,2025-09-08 11:36:19.649516
680,42,add_to_cart,2025-09-08 11:32:28.448015
681,37,page_view,2025-09-08 11:33:42.239763
682,34,page_view,2025-09-08 11:36:25.093111
683,15,page_view,2025-09-08 11:32:59.230425
684,45,purchase,2025-09-08 11:32:43.577527
685,31,add_to_cart,2025-09-08 11:35:10.186793
686,3,page_view,2025-09-08 11:37:45.736249
687,44,add_to_cart,2025-09-08 11:35:07.106854
688,35,purchase,2025-09-08 11:37:24.855311
689,43,page_view,2025-09-08 11:36:54.970143
690,12,add_to_cart,2025-09-08 11:33:28.509230
691,2,page_view,2025-09-08 11:36:52.888333
692,38,page_view,2025-09-08 11:34:49.465219
693,49,purchase,2025-09-08 11:36:46.335858
694,26,page_view,2025-09-08 11:36:24.761366
695,20,page_view,2025-09-08 11:33:57.937491
696,37,page_view,2025-09-08 11:32:37.461095
697,37,add_to_cart,2025-09-08 11:37:42.641585
698,44,purchase,2025-09-08 11:32:46.672525
699,22,add_to_cart,2025-09-08 11:37:43.940075
700,49,purchase,2025-09-08 11:37:05.650615
701,9,purchase,2025-09-08 11:36:16.718016
702,47,page_view,2025-09-08 11:37:48.779207
703,33,purchase,2025-09-08 11:37:44.217109
704,23,page_view,2025-09-08 11:36:45.651552
705,7,add_to_cart,2025-09-08 11:34:07.679018
706,15,page_view,2025-09-08 11:36:40.645509
707,22,purchase,2025-09-08 11:32:01.010716
708,50,purchase,2025-09-08 11:35:09.166031
709,39,add_to_cart,2025-09-08 11:34:39.722970
710,50,add_to_cart,2025-09-08 11:35:58.218217
711,2,purchase,2025-09-08 11:35:58.042687
712,18,add_to_cart,2025-09-08 11:35:26.441633
713,32,page_view,2025-09-08 11:36:52.070228
714,23,purchase,2025-09-08 11:37:34.505081
715,25,add_to_cart,2025-09-08 11:32:35.004597
716,12,purchase,2025-09-08 11:33:20.175885
717,38,purchase,2025-09-08 11:32:05.008874
718,25,page_view,2025-09-08 11:37:14.324544
719,50,purchase,2025-09-08 11:35:18.106658
720,19,page_view,2025-09-08 11:37:25.492127
721,46,page_view,2025-09-08 11:33:15.692192
722,6,add_to_cart,2025-09-08 11:32:18.758135
723,10,add_to_cart,2025-09-08 11:36:52.587926
724,46,purchase,2025-09-08 11:37:23.379550
725,10,purchase,2025-09-08 11:33:44.788463
726,25,add_to_cart,2025-09-08 11:34:22.986508
727,24,page_view,2025-09-08 11:32:46.319725
728,6,page_view,2025-09-08 11:37:36.654152
729,20,add_to_cart,2025-09-08 11:33:45.571250
730,24,add_to_cart,2025-09-08 11:34:53.344863
731,7,page_view,2025-09-08 11:32:30.989120
732,6,page_view,2025-09-08 11:37:15.413351
733,28,add_to_cart,2025-09-08 11:32:44.839057
734,36,purchase,2025-09-08 11:34:39.311753
735,33,add_to_cart,2025-09-08 11:35:57.375039
736,7,page_view,2025-09-08 11:36:23.530444
737,6,add_to_cart,2025-09-08 11:37:36.550671
738,36,page_view,2025-09-08 11:34:26.885631
739,39,purchase,2025-09-08 11:36:23.216845
740,21,add_to_cart,2025-09-08 11:32:51.628245
741,1,add_to_cart,2025-09-08 11:34:25.358430
742,27,add_to_cart,2025-09-08 11:32:31.647789
743,50,page_view,2025-09-08 11:34:52.164934
744,47,purchase,2025-09-08 11:34:22.921719
745,16,purchase,2025-09-08 11:37:38.547749
746,34,page_view,2025-09-08 11:32:07.777863
747,44,add_to_cart,2025-09-08 11:34:09.390785
748,11,page_view,2025-09-08 11:34:35.617911
749,18,add_to_cart,2025-09-08 11:37:38.199861
750,18,add_to_cart,2025-09-08 11:37:03.962070
751,10,page_view,2025-09-08 11:32:31.767665
752,11,add_to_cart,2025-09-08 11:36:02.844896
753,18,add_to_cart,2025-09-08 11:35:12.007710
754,20,add_to_cart,2025-09-08 11:37:48.023311
755,5,add_to_cart,2025-09-08 11:34:05.122583
756,17,page_view,2025-09-08 11:34:19.330271
757,47,purchase,2025-09-08 11:33:04.331082
758,32,purchase,2025-09-08 11:32:39.977499
759,40,page_view,2025-09-08 11:37:01.291948
760,30,page_view,2025-09-08 11:34:39.698253
761,9,add_to_cart,2025-09-08 11:35:54.596746
762,1,add_to_cart,2025-09-08 11:35:47.013608
763,22,purchase,2025-09-08 11:35:30.972545
764,25,add_to_cart,2025-09-08 11:32:03.688684
765,29,add_to_cart,2025-09-08 11:36:39.246053
766,28,purchase,2025-09-08 11:33:23.684803
767,39,page_view,2025-09-08 11:32:41.332599
768,20,add_to_cart,2025-09-08 11:35:19.248071
769,39,purchase,2025-09-08 11:32:20.699655
770,13,add_to_cart,2025-09-08 11:36:31.456655
771,21,page_view,2025-09-08 11:33:10.576653
772,26,add_to_cart,2025-09-08 11:33:13.742487
773,19,purchase,2025-09-08 11:37:09.090354
774,45,purchase,2025-09-08 11:33:54.281439
775,32,purchase,2025-09-08 11:32:49.119505
776,16,add_to_cart,2025-09-08 11:37:20.191173
777,25,add_to_cart,2025-09-08 11:31:57.020798
778,26,add_to_cart,2025-09-08 11:37:05.026206
779,8,purchase,2025-09-08 11:32:48.087673
780,13,purchase,2025-09-08 11:32:42.797167
781,35,page_view,2025-09-08 11:33:26.235511
782,44,purchase,2025-09-08 11:32:58.818964
783,2,purchase,2025-09-08 11:35:53.980751
784,30,purchase,2025-09-08 11:32:05.280854
785,14,add_to_cart,2025-09-08 11:32:01.349718
786,19,purchase,2025-09-08 11:36:40.394479
787,5,add_to_cart,2025-09-08 11:33:21.655378
788,44,add_to_cart,2025-09-08 11:33:52.557726
789,9,purchase,2025-09-08 11:32:58.728632
790,20,page_view,2025-09-08 11:32:14.863647
791,17,purchase,2025-09-08 11:36:23.018501
792,10,purchase,2025-09-08 11:35:05.390790
793,28,add_to_cart,2025-09-08 11:36:24.439499
794,5,add_to_cart,2025-09-08 11:34:47.448548
795,39,add_to_cart,2025-09-08 11:36:36.086134
796,38,add_to_cart,2025-09-08 11:35:00.765665
797,35,purchase,2025-09-08 11:32:35.259444
798,45,add_to_cart,2025-09-08 11:34:57.381928
799,35,page_view,2025-09-08 11:37:36.349632
800,24,purchase,2025-09-08 11:32:11.611413
801,35,purchase,2025-09-08 11:36:37.961719
802,41,page_view,2025-09-08 11:37:08.113127
803,7,page_view,2025-09-08 11:35:03.722437
804,43,purchase,2025-09-08 11:34:40.895308
805,23,page_view,2025-09-08 11:37:43.049426
806,42,purchase,2025-09-08 11:32:17.897147
807,3,purchase,2025-09-08 11:34:48.433488
808,42,purchase,2025-09-08 11:34:20.582212
809,42,add_to_cart,2025-09-08 11:36:02.995099
810,49,add_to_cart,2025-09-08 11:34:52.496788
811,28,page_view,2025-09-08 11:37:23.492298
812,1,page_view,2025-09-08 11:32:22.456658
813,17,page_view,2025-09-08 11:32:25.084572
814,33,purchase,2025-09-08 11:35:34.987072
815,34,purchase,2025-09-08 11:32:19.645604
816,38,purchase,2025-09-08 11:33:35.005760
817,37,page_view,2025-09-08 11:35:43.907621
818,29,add_to_cart,2025-09-08 11:35:13.408316
819,26,add_to_cart,2025-09-08 11:33:53.066760
820,50,purchase,2025-09-08 11:37:54.065992
821,38,purchase,2025-09-08 11:35:07.000462
822,33,page_view,2025-09-08 11:34:39.337550
823,23,page_view,2025-09-08 11:35:33.953645
824,31,page_view,2025-09-08 11:32:31.704246
825,19,add_to_cart,2025-09-08 11:36:08.640591
826,6,page_view,2025-09-08 11:37:03.005385
827,47,page_view,2025-09-08 11:35:50.329999
828,23,add_to_cart,2025-09-08 11:36:32.826583
829,22,add_to_cart,2025-09-08 11:36:15.502370
830,14,purchase,2025-09-08 11:33:13.408304
831,31,add_to_cart,2025-09-08 11:34:38.559770
832,31,page_view,2025-09-08 11:33:18.257687
833,29,purchase,2025-09-08 11:33:58.015383
834,45,add_to_cart,2025-09-08 11:34:39.259605
835,21,page_view,2025-09-08 11:34:25.756274
836,20,page_view,2025-09-08 11:32:30.230902
837,46,page_view,2025-09-08 11:34:29.635042
838,2,add_to_cart,2025-09-08 11:35:55.438831
839,42,page_view,2025-09-08 11:34:10.748369
840,44,page_view,2025-09-08 11:32:50.950013
841,48,page_view,2025-09-08 11:37:28.274613
842,34,page_view,2025-09-08 11:32:20.167991
843,36,page_view,2025-09-08 11:36:55.437880
844,22,purchase,2025-09-08 11:32:29.562837
845,28,add_to_cart,2025-09-08 11:32:30.763196
846,15,add_to_cart,2025-09-08 11:36:21.966559
847,41,page_view,2025-09-08 11:36:48.236943
848,12,purchase,2025-09-08 11:35:16.293465
849,43,add_to_cart,2025-09-08 11:35:27.127430
850,26,page_view,2025-09-08 11:35:18.171109
851,48,purchase,2025-09-08 11:33:54.672553
852,13,add_to_cart,2025-09-08 11:32:40.003263
853,38,add_to_cart,2025-09-08 11:34:03.295309
854,25,page_view,2025-09-08 11:35:55.522587
855,46,page_view,2025-09-08 11:36:26.102330
856,14,add_to_cart,2025-09-08 11:37:08.513174
857,49,purchase,2025-09-08 11:36:15.581844
858,5,purchase,2025-09-08 11:37:44.623505
859,7,purchase,2025-09-08 11:35:32.147633
860,12,add_to_cart,2025-09-08 11:34:02.592627
861,21,page_view,2025-09-08 11:35:24.050667
862,30,page_view,2025-09-08 11:33:12.585970
863,17,purchase,2025-09-08 11:35:52.425069
864,32,purchase,2025-09-08 11:33:16.728153
865,41,add_to_cart,2025-09-08 11:32:34.958617
866,39,add_to_cart,2025-09-08 11:37:00.334431
867,40,add_to_cart,2025-09-08 11:34:08.321978
868,38,page_view,2025-09-08 11:36:30.538028
869,23,add_to_cart,2025-09-08 11:35:22.676002
870,30,purchase,2025-09-08 11:36:46.599694
871,12,purchase,2025-09-08 11:37:00.255858
872,46,add_to_cart,2025-09-08 11:37:46.836777
873,40,purchase,2025-09-08 11:36:50.633669
874,6,purchase,2025-09-08 11:35:36.886381
875,9,add_to_cart,2025-09-08 11:35:47.371699
876,8,page_view,2025-09-08 11:32:05.451379
877,20,page_view,2025-09-08 11:37:30.470345
878,12,add_to_cart,2025-09-08 11:36:54.605884
879,45,page_view,2025-09-08 11:33:32.281181
880,33,add_to_cart,2025-09-08 11:33:00.949786
881,27,purchase,2025-09-08 11:36:08.971558
882,9,purchase,2025-09-08 11:33:47.234488
883,25,add_to_cart,2025-09-08 11:33:58.336876
884,12,add_to_cart,2025-09-08 11:31:58.198084
885,41,purchase,2025-09-08 11:37:09.150574
886,45,purchase,2025-09-08 11:35:19.875594
887,12,purchase,2025-09-08 11:34:20.282364
888,11,add_to_cart,2025-09-08 11:32:47.074876
889,19,page_view,2025-09-08 11:35:43.941925
890,12,add_to_cart,2025-09-08 11:32:07.036556
891,29,purchase,2025-09-08 11:36:24.600234
892,4,add_to_cart,2025-09-08 11:33:13.447837
893,1,add_to_cart,2025-09-08 11:34:27.139698
894,9,page_view,2025-09-08 11:33:58.722553
895,25,purchase,2025-09-08 11:34:09.219113
896,33,purchase,2025-09-08 11:36:15.774548
897,32,add_to_cart,2025-09-08 11:36:35.660823
898,44,add_to_cart,2025-09-08 11:35:20.333680
899,27,purchase,2025-09-08 11:32:26.584534
900,29,add_to_cart,2025-09-08 11:32:14.939178
901,11,page_view,2025-09-08 11:32:52.667563
902,37,page_view,2025-09-08 11:35:38.421746
903,49,page_view,2025-09-08 11:35:58.628736
904,19,page_view,2025-09-08 11:33:33.957024
905,18,page_view,2025-09-08 11:35:54.297930
906,35,add_to_cart,2025-09-08 11:34:50.838214
907,11,add_to_cart,2025-09-08 11:34:35.135907
908,37,purchase,2025-09-08 11:33:34.340064
909,50,add_to_cart,2025-09-08 11:36:27.779532
910,36,purchase,2025-09-08 11:32:36.974303
911,8,purchase,2025-09-08 11:34:30.768908
912,8,add_to_cart,2025-09-08 11:33:37.968729
913,50,purchase,2025-09-08 11:36:00.255052
914,24,purchase,2025-09-08 11:34:51.187791
915,49,page_view,2025-09-08 11:35:56.167721
916,49,purchase,2025-09-08 11:32:12.350250
917,29,purchase,2025-09-08 11:34:18.294823
918,14,add_to_cart,2025-09-08 11:35:31.756984
919,7,purchase,2025-09-08 11:31:58.767351
920,42,page_view,2025-09-08 11:33:44.510970
921,20,page_view,2025-09-08 11:33:12.044233
922,29,add_to_cart,2025-09-08 11:32:45.404530
923,23,page_view,2025-09-08 11:33:27.987021
924,29,page_view,2025-09-08 11:33:54.124048
925,50,page_view,2025-09-08 11:31:58.782766
926,14,purchase,2025-09-08 11:36:24.925084
927,38,purchase,2025-09-08 11:32:59.250129
928,23,purchase,2025-09-08 11:34:12.874681
929,40,purchase,2025-09-08 11:36:09.321655
930,28,page_view,2025-09-08 11:34:56.094445
931,40,page_view,2025-09-08 11:36:56.007513
932,14,page_view,2025-09-08 11:36:46.232067
933,4,purchase,2025-09-08 11:32:21.947179
934,23,purchase,2025-09-08 11:37:06.235170
935,18,purchase,2025-09-08 11:32:11.228814
936,35,page_view,2025-09-08 11:32:02.746953
937,21,purchase,2025-09-08 11:37:27.618476
938,19,add_to_cart,2025-09-08 11:37:06.359605
939,37,add_to_cart,2025-09-08 11:35:23.273298
940,33,purchase,2025-09-08 11:35:22.423885
941,7,page_view,2025-09-08 11:36:11.419626
942,49,add_to_cart,2025-09-08 11:34:26.369826
943,4,add_to_cart,2025-09-08 11:32:37.462414
944,42,page_view,2025-09-08 11:32:03.508361
945,45,page_view,2025-09-08 11:33:52.916545
946,16,page_view,2025-09-08 11:36:44.475976
947,46,add_to_cart,2025-09-08 11:35:38.525095
948,16,purchase,2025-09-08 11:36:55.529329
949,26,add_to_cart,2025-09-08 11:37:27.117111
950,10,purchase,2025-09-08 11:32:27.726757
951,41,add_to_cart,2025-09-08 11:37:00.014369
952,41,add_to_cart,2025-09-08 11:33:23.593931
953,25,add_to_cart,2025-09-08 11:35:27.993664
954,5,purchase,2025-09-08 11:35:04.626515
955,50,page_view,2025-09-08 11:34:18.476011
956,26,purchase,2025-09-08 11:33:47.698842
957,48,add_to_cart,2025-09-08 11:33:58.224781
958,45,add_to_cart,2025-09-08 11:33:55.904704
959,30,add_to_cart,2025-09-08 11:32:56.527775
960,21,purchase,2025-09-08 11:34:59.773983
961,1,purchase,2025-09-08 11:32:37.049590
962,6,purchase,2025-09-08 11:34:59.582742
963,30,purchase,2025-09-08 11:37:22.132183
964,43,purchase,2025-09-08 11:34:01.775095
965,23,page_view,2025-09-08 11:36:17.856478
966,35,add_to_cart,2025-09-08 11:36:50.821496
967,14,add_to_cart,2025-09-08 11:36:49.413322
968,14,add_to_cart,2025-09-08 11:33:21.056786
969,18,add_to_cart,2025-09-08 11:32:48.719918
970,19,add_to_cart,2025-09-08 11:33:07.017849
971,36,purchase,2025-09-08 11:35:32.863635
972,9,purchase,2025-09-08 11:36:29.677506
973,32,add_to_cart,2025-09-08 11:35:51.983244
974,44,page_view,2025-09-08 11:32:59.772606
975,3,page_view,2025-09-08 11:36:34.225312
976,41,add_to_cart,2025-09-08 11:34:53.882129
977,2,page_view,2025-09-08 11:36:27.600497
978,11,add_to_cart,2025-09-08 11:36:29.555774
979,30,page_view,2025-09-08 11:34:37.605892
980,28,page_view,2025-09-08 11:37:28.695533
981,45,page_view,2025-09-08 11:35:19.217042
982,42,add_to_cart,2025-09-08 11:35:44.707395
983,11,add_to_cart,2025-09-08 11:35:40.827841
984,6,purchase,2025-09-08 11:37:07.128875
985,24,add_to_cart,2025-09-08 11:35:41.798266
986,6,add_to_cart,2025-09-08 11:32:50.344665
987,43,purchase,2025-09-08 11:32:20.583053
988,11,page_view,2025-09-08 11:34:35.194903
989,26,purchase,2025-09-08 11:33:45.015357
990,20,purchase,2025-09-08 11:33:34.882520
991,45,page_view,2025-09-08 11:32:16.221963
992,28,purchase,2025-09-08 11:34:58.641279
993,6,purchase,2025-09-08 11:33:47.746826
994,7,page_view,2025-09-08 11:34:38.688991
995,14,add_to_cart,2025-09-08 11:32:16.480418
996,5,page_view,2025-09-08 11:36:55.410787
997,38,page_view,2025-09-08 11:32:23.623160
998,34,purchase,2025-09-08 11:37:07.130012
999,29,page_view,2025-09-08 11:37:03.905614
1000,1,purchase,2025-09-08 11:35:37.403020
